#defectName,z,cL[mol/cm3],cR[mol/cm3],cLB[mol/cm3],cUB[mol/cm3],D1[cm2/s],D2[cm2/s],...
H,1,0.00068,0.00068,0.0,0.066225165,1.0e-07,5.0e-07,1.0e-07
VO,2,0.000102,0.000102,0.0,0.066225165,1.0e-09,5.0E-09,1.0e-09
h,1,0.0,0.0,0.0,0.066225165,0.0,1.0e-06,0.0
e,-1,0.01,0.01,0.0,0.1,1.0e-4,0.0,1.0e-4
